Workbook

Sheet Instrucciones
A1: Tarifario aéreo semanal BIDCOM
A2: EJEMPLO COMPLETO. Semana WK-2026-W41 · período 05/10/2026 al 11/10/2026 · respuesta hasta el 06/10/2026
A4: LO IMPORTANTE
A5: ! | B5: Gastos en origen. Completá la solapa Gastos en origen para cada aeropuerto, concepto por concepto. BIDCOM la va a usar como base para negociar gastos en origen en una etapa próxima.
A6: • | B6: Si un gasto se cobra por kg, indicá la tarifa por kg y el mínimo (ej. USD 0,15 por kg, mínimo USD 55).
A7: • | B7: Completá el mínimo y los cinco breaks (45, 100, 300, 500 y 1000 kg) con valores propios de cada ruta, no calculados a partir de otra ruta.
A8: • | B8: Fuel e IMO en USD por kg. Si el IMO es a pedido, marcalo como "a pedido": no se suma al all-in.
A9: • | B9: Devolvé el tarifario cada semana aunque no cambie: así queda registrado que sigue vigente.
A11: CÓMO COMPLETAR
A12: 1 | B12: Hoja Tarifario: ya están las rutas que pide BIDCOM esta semana. Completá una fila por ruta. Si no cotizás una ruta, dejala vacía.
A13: 2 | B13: Completá el mínimo y la tarifa USD por kg de cada peso (45, 100, 300, 500 y 1000 kg). Fuel e IMO van en USD por kg.
A14: 3 | B14: Si el IMO es a pedido, elegí SI en la columna IMO a pedido y dejá vacío el IMO.
A15: 4 | B15: Hoja Gastos en origen: ya están los conceptos de cada aeropuerto. Completá el importe y elegí la unidad: Fijo por embarque o Por kg. Si es por kg, completá el Mínimo.
A16: 5 | B16: Si no tenés el valor de un concepto, elegí SI en A pedido. Si cobrás un concepto que no está en la lista, agregá una fila y completá la Descripción.
A17: 6 | B17: Revisá la columna Control de cada hoja: tiene que quedar en verde.
A19: QUÉ SIGNIFICA CADA COLOR
B20: Amarillo: dato obligatorio.
B21: Celeste: dato opcional o que depende del caso (por ejemplo, el puerto de transbordo).
B22: Gris: se calcula solo. No escribir.
B23: Columna Control en verde: la fila está completa.
B24: Columna Control en rojo: dice qué dato falta en esa fila.
A26: AL TERMINAR
A27: ✓ | B27: Guardá el archivo y subilo en el portal BIDCOM (Importar Excel) o envialo a BIDCOM. Antes de importar vas a ver una vista previa con cualquier dato que falte.

Sheet Tarifario
A1: Tarifario aéreo · semana WK-2026-W41 · una fila por ruta
A2: Amarillo: obligatorio. Celeste: opcional. Tarifas en USD por kg. BIDCOM compara el all-in por kg a 500 kg (flete + fuel + IMO + gastos en origen + gastos destino). La columna Control te dice qué falta.
A3: RUTA | E3: FLETE: MÍNIMO Y TARIFA USD POR KG SEGÚN PESO | L3: RECARGOS USD/KG | O3: DESTINO Y VIGENCIA | R3: CONTROL
A4: Origen | B4: Destino | C4: Aerolínea | D4: Tránsito (días) | E4: Moneda | F4: Mínimo | G4: 45 kg | H4: 100 kg | I4: 300 kg | J4: 500 kg | K4: 1000 kg | L4: Fuel USD/kg | M4: IMO USD/kg | N4: IMO a pedido | O4: Gastos destino USD | P4: Vigencia hasta | Q4: Observaciones | R4: Control
A5: Miami - MIA | B5: Buenos Aires - EZE | C5: Aerolínea Demo 1 | D5: 2 | E5: USD | F5: 160 | G5: 3.7 | H5: 3.4 | I5: 3.15 | J5: 2.9 | K5: 2.65 | L5: 0.16 | N5: SI | O5: 340 | P5: 46306.5 | Q5: Vuelo directo | R5: =IF(COUNTA(C5,F5:K5)=0,IF(A5="","","Sin cotizar"),IF((IF(A5="","Falta origen. ","")&IF(C5="","Falta aerolínea. ","")&IF(D5="","Falta tránsito. ","")&IF(E5="","Falta moneda. ","")&IF(F5="","Falta mínimo. ","")&IF(H5="","Falta 100 kg. ","")&IF(I5="","Falta 300 kg. ","")&IF(J5="","Falta 500 kg. ","")&IF(K5="","Falta 1000 kg. ","")&IF(L5="","Falta fuel. ","")&IF(AND(M5="",N5<>"SI"),"Falta IMO (o SI en IMO a pedido). ","")&IF(O5="","Faltan gastos destino. ","")&IF(P5="","Falta vigencia. ",""))="","Completa",IF(A5="","Falta origen. ","")&IF(C5="","Falta aerolínea. ","")&IF(D5="","Falta tránsito. ","")&IF(E5="","Falta moneda. ","")&IF(F5="","Falta mínimo. ","")&IF(H5="","Falta 100 kg. ","")&IF(I5="","Falta 300 kg. ","")&IF(J5="","Falta 500 kg. ","")&IF(K5="","Falta 1000 kg. ","")&IF(L5="","Falta fuel. ","")&IF(AND(M5="",N5<>"SI"),"Falta IMO (o SI en IMO a pedido). ","")&IF(O5="","Faltan gastos destino. ","")&IF(P5="","Falta vigencia. ","")))
A6: Shanghai - PVG | B6: Buenos Aires - EZE | C6: Aerolínea Demo 3 | D6: 6 | E6: USD | F6: 200 | G6: 10.6 | H6: 9.5 | I6: 9.3 | J6: 9 | K6: 8.85 | L6: 0.12 | M6: 0.05 | N6: NO | O6: 340 | P6: 46306.5 | Q6: Vía Doha | R6: =IF(COUNTA(C6,F6:K6)=0,IF(A6="","","Sin cotizar"),IF((IF(A6="","Falta origen. ","")&IF(C6="","Falta aerolínea. ","")&IF(D6="","Falta tránsito. ","")&IF(E6="","Falta moneda. ","")&IF(F6="","Falta mínimo. ","")&IF(H6="","Falta 100 kg. ","")&IF(I6="","Falta 300 kg. ","")&IF(J6="","Falta 500 kg. ","")&IF(K6="","Falta 1000 kg. ","")&IF(L6="","Falta fuel. ","")&IF(AND(M6="",N6<>"SI"),"Falta IMO (o SI en IMO a pedido). ","")&IF(O6="","Faltan gastos destino. ","")&IF(P6="","Falta vigencia. ",""))="","Completa",IF(A6="","Falta origen. ","")&IF(C6="","Falta aerolínea. ","")&IF(D6="","Falta tránsito. ","")&IF(E6="","Falta moneda. ","")&IF(F6="","Falta mínimo. ","")&IF(H6="","Falta 100 kg. ","")&IF(I6="","Falta 300 kg. ","")&IF(J6="","Falta 500 kg. ","")&IF(K6="","Falta 1000 kg. ","")&IF(L6="","Falta fuel. ","")&IF(AND(M6="",N6<>"SI"),"Falta IMO (o SI en IMO a pedido). ","")&IF(O6="","Faltan gastos destino. ","")&IF(P6="","Falta vigencia. ","")))
R7: =IF(COUNTA(C7,F7:K7)=0,IF(A7="","","Sin cotizar"),IF((IF(A7="","Falta origen. ","")&IF(C7="","Falta aerolínea. ","")&IF(D7="","Falta tránsito. ","")&IF(E7="","Falta moneda. ","")&IF(F7="","Falta mínimo. ","")&IF(H7="","Falta 100 kg. ","")&IF(I7="","Falta 300 kg. ","")&IF(J7="","Falta 500 kg. ","")&IF(K7="","Falta 1000 kg. ","")&IF(L7="","Falta fuel. ","")&IF(AND(M7="",N7<>"SI"),"Falta IMO (o SI en IMO a pedido). ","")&IF(O7="","Faltan gastos destino. ","")&IF(P7="","Falta vigencia. ",""))="","Completa",IF(A7="","Falta origen. ","")&IF(C7="","Falta aerolínea. ","")&IF(D7="","Falta tránsito. ","")&IF(E7="","Falta moneda. ","")&IF(F7="","Falta mínimo. ","")&IF(H7="","Falta 100 kg. ","")&IF(I7="","Falta 300 kg. ","")&IF(J7="","Falta 500 kg. ","")&IF(K7="","Falta 1000 kg. ","")&IF(L7="","Falta fuel. ","")&IF(AND(M7="",N7<>"SI"),"Falta IMO (o SI en IMO a pedido). ","")&IF(O7="","Faltan gastos destino. ","")&IF(P7="","Falta vigencia. ","")))
R8: =IF(COUNTA(C8,F8:K8)=0,IF(A8="","","Sin cotizar"),IF((IF(A8="","Falta origen. ","")&IF(C8="","Falta aerolínea. ","")&IF(D8="","Falta tránsito. ","")&IF(E8="","Falta moneda. ","")&IF(F8="","Falta mínimo. ","")&IF(H8="","Falta 100 kg. ","")&IF(I8="","Falta 300 kg. ","")&IF(J8="","Falta 500 kg. ","")&IF(K8="","Falta 1000 kg. ","")&IF(L8="","Falta fuel. ","")&IF(AND(M8="",N8<>"SI"),"Falta IMO (o SI en IMO a pedido). ","")&IF(O8="","Faltan gastos destino. ","")&IF(P8="","Falta vigencia. ",""))="","Completa",IF(A8="","Falta origen. ","")&IF(C8="","Falta aerolínea. ","")&IF(D8="","Falta tránsito. ","")&IF(E8="","Falta moneda. ","")&IF(F8="","Falta mínimo. ","")&IF(H8="","Falta 100 kg. ","")&IF(I8="","Falta 300 kg. ","")&IF(J8="","Falta 500 kg. ","")&IF(K8="","Falta 1000 kg. ","")&IF(L8="","Falta fuel. ","")&IF(AND(M8="",N8<>"SI"),"Falta IMO (o SI en IMO a pedido). ","")&IF(O8="","Faltan gastos destino. ","")&IF(P8="","Falta vigencia. ","")))
R9: =IF(COUNTA(C9,F9:K9)=0,IF(A9="","","Sin cotizar"),IF((IF(A9="","Falta origen. ","")&IF(C9="","Falta aerolínea. ","")&IF(D9="","Falta tránsito. ","")&IF(E9="","Falta moneda. ","")&IF(F9="","Falta mínimo. ","")&IF(H9="","Falta 100 kg. ","")&IF(I9="","Falta 300 kg. ","")&IF(J9="","Falta 500 kg. ","")&IF(K9="","Falta 1000 kg. ","")&IF(L9="","Falta fuel. ","")&IF(AND(M9="",N9<>"SI"),"Falta IMO (o SI en IMO a pedido). ","")&IF(O9="","Faltan gastos destino. ","")&IF(P9="","Falta vigencia. ",""))="","Completa",IF(A9="","Falta origen. ","")&IF(C9="","Falta aerolínea. ","")&IF(D9="","Falta tránsito. ","")&IF(E9="","Falta moneda. ","")&IF(F9="","Falta mínimo. ","")&IF(H9="","Falta 100 kg. ","")&IF(I9="","Falta 300 kg. ","")&IF(J9="","Falta 500 kg. ","")&IF(K9="","Falta 1000 kg. ","")&IF(L9="","Falta fuel. ","")&IF(AND(M9="",N9<>"SI"),"Falta IMO (o SI en IMO a pedido). ","")&IF(O9="","Faltan gastos destino. ","")&IF(P9="","Falta vigencia. ","")))
R10: =IF(COUNTA(C10,F10:K10)=0,IF(A10="","","Sin cotizar"),IF((IF(A10="","Falta origen. ","")&IF(C10="","Falta aerolínea. ","")&IF(D10="","Falta tránsito. ","")&IF(E10="","Falta moneda. ","")&IF(F10="","Falta mínimo. ","")&IF(H10="","Falta 100 kg. ","")&IF(I10="","Falta 300 kg. ","")&IF(J10="","Falta 500 kg. ","")&IF(K10="","Falta 1000 kg. ","")&IF(L10="","Falta fuel. ","")&IF(AND(M10="",N10<>"SI"),"Falta IMO (o SI en IMO a pedido). ","")&IF(O10="","Faltan gastos destino. ","")&IF(P10="","Falta vigencia. ",""))="","Completa",IF(A10="","Falta origen. ","")&IF(C10="","Falta aerolínea. ","")&IF(D10="","Falta tránsito. ","")&IF(E10="","Falta moneda. ","")&IF(F10="","Falta mínimo. ","")&IF(H10="","Falta 100 kg. ","")&IF(I10="","Falta 300 kg. ","")&IF(J10="","Falta 500 kg. ","")&IF(K10="","Falta 1000 kg. ","")&IF(L10="","Falta fuel. ","")&IF(AND(M10="",N10<>"SI"),"Falta IMO (o SI en IMO a pedido). ","")&IF(O10="","Faltan gastos destino. ","")&IF(P10="","Falta vigencia. ","")))
R11: =IF(COUNTA(C11,F11:K11)=0,IF(A11="","","Sin cotizar"),IF((IF(A11="","Falta origen. ","")&IF(C11="","Falta aerolínea. ","")&IF(D11="","Falta tránsito. ","")&IF(E11="","Falta moneda. ","")&IF(F11="","Falta mínimo. ","")&IF(H11="","Falta 100 kg. ","")&IF(I11="","Falta 300 kg. ","")&IF(J11="","Falta 500 kg. ","")&IF(K11="","Falta 1000 kg. ","")&IF(L11="","Falta fuel. ","")&IF(AND(M11="",N11<>"SI"),"Falta IMO (o SI en IMO a pedido). ","")&IF(O11="","Faltan gastos destino. ","")&IF(P11="","Falta vigencia. ",""))="","Completa",IF(A11="","Falta origen. ","")&IF(C11="","Falta aerolínea. ","")&IF(D11="","Falta tránsito. ","")&IF(E11="","Falta moneda. ","")&IF(F11="","Falta mínimo. ","")&IF(H11="","Falta 100 kg. ","")&IF(I11="","Falta 300 kg. ","")&IF(J11="","Falta 500 kg. ","")&IF(K11="","Falta 1000 kg. ","")&IF(L11="","Falta fuel. ","")&IF(AND(M11="",N11<>"SI"),"Falta IMO (o SI en IMO a pedido). ","")&IF(O11="","Faltan gastos destino. ","")&IF(P11="","Falta vigencia. ","")))
R12: =IF(COUNTA(C12,F12:K12)=0,IF(A12="","","Sin cotizar"),IF((IF(A12="","Falta origen. ","")&IF(C12="","Falta aerolínea. ","")&IF(D12="","Falta tránsito. ","")&IF(E12="","Falta moneda. ","")&IF(F12="","Falta mínimo. ","")&IF(H12="","Falta 100 kg. ","")&IF(I12="","Falta 300 kg. ","")&IF(J12="","Falta 500 kg. ","")&IF(K12="","Falta 1000 kg. ","")&IF(L12="","Falta fuel. ","")&IF(AND(M12="",N12<>"SI"),"Falta IMO (o SI en IMO a pedido). ","")&IF(O12="","Faltan gastos destino. ","")&IF(P12="","Falta vigencia. ",""))="","Completa",IF(A12="","Falta origen. ","")&IF(C12="","Falta aerolínea. ","")&IF(D12="","Falta tránsito. ","")&IF(E12="","Falta moneda. ","")&IF(F12="","Falta mínimo. ","")&IF(H12="","Falta 100 kg. ","")&IF(I12="","Falta 300 kg. ","")&IF(J12="","Falta 500 kg. ","")&IF(K12="","Falta 1000 kg. ","")&IF(L12="","Falta fuel. ","")&IF(AND(M12="",N12<>"SI"),"Falta IMO (o SI en IMO a pedido). ","")&IF(O12="","Faltan gastos destino. ","")&IF(P12="","Falta vigencia. ","")))
R13: =IF(COUNTA(C13,F13:K13)=0,IF(A13="","","Sin cotizar"),IF((IF(A13="","Falta origen. ","")&IF(C13="","Falta aerolínea. ","")&IF(D13="","Falta tránsito. ","")&IF(E13="","Falta moneda. ","")&IF(F13="","Falta mínimo. ","")&IF(H13="","Falta 100 kg. ","")&IF(I13="","Falta 300 kg. ","")&IF(J13="","Falta 500 kg. ","")&IF(K13="","Falta 1000 kg. ","")&IF(L13="","Falta fuel. ","")&IF(AND(M13="",N13<>"SI"),"Falta IMO (o SI en IMO a pedido). ","")&IF(O13="","Faltan gastos destino. ","")&IF(P13="","Falta vigencia. ",""))="","Completa",IF(A13="","Falta origen. ","")&IF(C13="","Falta aerolínea. ","")&IF(D13="","Falta tránsito. ","")&IF(E13="","Falta moneda. ","")&IF(F13="","Falta mínimo. ","")&IF(H13="","Falta 100 kg. ","")&IF(I13="","Falta 300 kg. ","")&IF(J13="","Falta 500 kg. ","")&IF(K13="","Falta 1000 kg. ","")&IF(L13="","Falta fuel. ","")&IF(AND(M13="",N13<>"SI"),"Falta IMO (o SI en IMO a pedido). ","")&IF(O13="","Faltan gastos destino. ","")&IF(P13="","Falta vigencia. ","")))
R14: =IF(COUNTA(C14,F14:K14)=0,IF(A14="","","Sin cotizar"),IF((IF(A14="","Falta origen. ","")&IF(C14="","Falta aerolínea. ","")&IF(D14="","Falta tránsito. ","")&IF(E14="","Falta moneda. ","")&IF(F14="","Falta mínimo. ","")&IF(H14="","Falta 100 kg. ","")&IF(I14="","Falta 300 kg. ","")&IF(J14="","Falta 500 kg. ","")&IF(K14="","Falta 1000 kg. ","")&IF(L14="","Falta fuel. ","")&IF(AND(M14="",N14<>"SI"),"Falta IMO (o SI en IMO a pedido). ","")&IF(O14="","Faltan gastos destino. ","")&IF(P14="","Falta vigencia. ",""))="","Completa",IF(A14="","Falta origen. ","")&IF(C14="","Falta aerolínea. ","")&IF(D14="","Falta tránsito. ","")&IF(E14="","Falta moneda. ","")&IF(F14="","Falta mínimo. ","")&IF(H14="","Falta 100 kg. ","")&IF(I14="","Falta 300 kg. ","")&IF(J14="","Falta 500 kg. ","")&IF(K14="","Falta 1000 kg. ","")&IF(L14="","Falta fuel. ","")&IF(AND(M14="",N14<>"SI"),"Falta IMO (o SI en IMO a pedido). ","")&IF(O14="","Faltan gastos destino. ","")&IF(P14="","Falta vigencia. ","")))
R15: =IF(COUNTA(C15,F15:K15)=0,IF(A15="","","Sin cotizar"),IF((IF(A15="","Falta origen. ","")&IF(C15="","Falta aerolínea. ","")&IF(D15="","Falta tránsito. ","")&IF(E15="","Falta moneda. ","")&IF(F15="","Falta mínimo. ","")&IF(H15="","Falta 100 kg. ","")&IF(I15="","Falta 300 kg. ","")&IF(J15="","Falta 500 kg. ","")&IF(K15="","Falta 1000 kg. ","")&IF(L15="","Falta fuel. ","")&IF(AND(M15="",N15<>"SI"),"Falta IMO (o SI en IMO a pedido). ","")&IF(O15="","Faltan gastos destino. ","")&IF(P15="","Falta vigencia. ",""))="","Completa",IF(A15="","Falta origen. ","")&IF(C15="","Falta aerolínea. ","")&IF(D15="","Falta tránsito. ","")&IF(E15="","Falta moneda. ","")&IF(F15="","Falta mínimo. ","")&IF(H15="","Falta 100 kg. ","")&IF(I15="","Falta 300 kg. ","")&IF(J15="","Falta 500 kg. ","")&IF(K15="","Falta 1000 kg. ","")&IF(L15="","Falta fuel. ","")&IF(AND(M15="",N15<>"SI"),"Falta IMO (o SI en IMO a pedido). ","")&IF(O15="","Faltan gastos destino. ","")&IF(P15="","Falta vigencia. ","")))
R16: =IF(COUNTA(C16,F16:K16)=0,IF(A16="","","Sin cotizar"),IF((IF(A16="","Falta origen. ","")&IF(C16="","Falta aerolínea. ","")&IF(D16="","Falta tránsito. ","")&IF(E16="","Falta moneda. ","")&IF(F16="","Falta mínimo. ","")&IF(H16="","Falta 100 kg. ","")&IF(I16="","Falta 300 kg. ","")&IF(J16="","Falta 500 kg. ","")&IF(K16="","Falta 1000 kg. ","")&IF(L16="","Falta fuel. ","")&IF(AND(M16="",N16<>"SI"),"Falta IMO (o SI en IMO a pedido). ","")&IF(O16="","Faltan gastos destino. ","")&IF(P16="","Falta vigencia. ",""))="","Completa",IF(A16="","Falta origen. ","")&IF(C16="","Falta aerolínea. ","")&IF(D16="","Falta tránsito. ","")&IF(E16="","Falta moneda. ","")&IF(F16="","Falta mínimo. ","")&IF(H16="","Falta 100 kg. ","")&IF(I16="","Falta 300 kg. ","")&IF(J16="","Falta 500 kg. ","")&IF(K16="","Falta 1000 kg. ","")&IF(L16="","Falta fuel. ","")&IF(AND(M16="",N16<>"SI"),"Falta IMO (o SI en IMO a pedido). ","")&IF(O16="","Faltan gastos destino. ","")&IF(P16="","Falta vigencia. ","")))

Sheet Gastos en origen
A1: Gastos en origen por aeropuerto · un concepto por fila (IMPORTANTE: base de la negociación de gastos en origen)
A2: Completá cada concepto de cada aeropuerto. Unidad: Fijo por embarque, o Por kg con su mínimo. Si no tenés el valor, elegí SI en A pedido. No envíes un total sin desglose.
A3: CONCEPTO POR CONCEPTO | H3: CONCEPTOS ADICIONALES | I3: CONTROL
A4: Aeropuerto | B4: Concepto | C4: Moneda | D4: Importe | E4: Unidad | F4: Mínimo | G4: A pedido | H4: Descripción | I4: Control
A5: Miami - MIA | B5: Pick up | C5: USD | D5: 70 | E5: Fijo por embarque | G5: NO | I5: =IF(G5="SI","A pedido",IF(D5="","",IF((IF(A5="","Falta aeropuerto. ","")&IF(C5="","Falta moneda. ","")&IF(E5="","Falta unidad. ","")&IF(AND(E5="Por kg",F5=""),"Falta mínimo. ","")&IF(AND(B5<>"",COUNTIF(Listas!$D$2:$D$7,B5)=0,H5=""),"Revisar: concepto adicional sin descripción. ",""))="","Completa",IF(A5="","Falta aeropuerto. ","")&IF(C5="","Falta moneda. ","")&IF(E5="","Falta unidad. ","")&IF(AND(E5="Por kg",F5=""),"Falta mínimo. ","")&IF(AND(B5<>"",COUNTIF(Listas!$D$2:$D$7,B5)=0,H5=""),"Revisar: concepto adicional sin descripción. ",""))))
A6: Miami - MIA | B6: Export customs | C6: USD | D6: 45 | E6: Fijo por embarque | G6: NO | I6: =IF(G6="SI","A pedido",IF(D6="","",IF((IF(A6="","Falta aeropuerto. ","")&IF(C6="","Falta moneda. ","")&IF(E6="","Falta unidad. ","")&IF(AND(E6="Por kg",F6=""),"Falta mínimo. ","")&IF(AND(B6<>"",COUNTIF(Listas!$D$2:$D$7,B6)=0,H6=""),"Revisar: concepto adicional sin descripción. ",""))="","Completa",IF(A6="","Falta aeropuerto. ","")&IF(C6="","Falta moneda. ","")&IF(E6="","Falta unidad. ","")&IF(AND(E6="Por kg",F6=""),"Falta mínimo. ","")&IF(AND(B6<>"",COUNTIF(Listas!$D$2:$D$7,B6)=0,H6=""),"Revisar: concepto adicional sin descripción. ",""))))
A7: Miami - MIA | B7: Handling | C7: USD | D7: 55 | E7: Fijo por embarque | G7: NO | I7: =IF(G7="SI","A pedido",IF(D7="","",IF((IF(A7="","Falta aeropuerto. ","")&IF(C7="","Falta moneda. ","")&IF(E7="","Falta unidad. ","")&IF(AND(E7="Por kg",F7=""),"Falta mínimo. ","")&IF(AND(B7<>"",COUNTIF(Listas!$D$2:$D$7,B7)=0,H7=""),"Revisar: concepto adicional sin descripción. ",""))="","Completa",IF(A7="","Falta aeropuerto. ","")&IF(C7="","Falta moneda. ","")&IF(E7="","Falta unidad. ","")&IF(AND(E7="Por kg",F7=""),"Falta mínimo. ","")&IF(AND(B7<>"",COUNTIF(Listas!$D$2:$D$7,B7)=0,H7=""),"Revisar: concepto adicional sin descripción. ",""))))
A8: Miami - MIA | B8: Documentation | C8: USD | D8: 55 | E8: Fijo por embarque | G8: NO | I8: =IF(G8="SI","A pedido",IF(D8="","",IF((IF(A8="","Falta aeropuerto. ","")&IF(C8="","Falta moneda. ","")&IF(E8="","Falta unidad. ","")&IF(AND(E8="Por kg",F8=""),"Falta mínimo. ","")&IF(AND(B8<>"",COUNTIF(Listas!$D$2:$D$7,B8)=0,H8=""),"Revisar: concepto adicional sin descripción. ",""))="","Completa",IF(A8="","Falta aeropuerto. ","")&IF(C8="","Falta moneda. ","")&IF(E8="","Falta unidad. ","")&IF(AND(E8="Por kg",F8=""),"Falta mínimo. ","")&IF(AND(B8<>"",COUNTIF(Listas!$D$2:$D$7,B8)=0,H8=""),"Revisar: concepto adicional sin descripción. ",""))))
A9: Miami - MIA | B9: Warehouse | C9: USD | D9: 0.15 | E9: Por kg | F9: 55 | G9: NO | I9: =IF(G9="SI","A pedido",IF(D9="","",IF((IF(A9="","Falta aeropuerto. ","")&IF(C9="","Falta moneda. ","")&IF(E9="","Falta unidad. ","")&IF(AND(E9="Por kg",F9=""),"Falta mínimo. ","")&IF(AND(B9<>"",COUNTIF(Listas!$D$2:$D$7,B9)=0,H9=""),"Revisar: concepto adicional sin descripción. ",""))="","Completa",IF(A9="","Falta aeropuerto. ","")&IF(C9="","Falta moneda. ","")&IF(E9="","Falta unidad. ","")&IF(AND(E9="Por kg",F9=""),"Falta mínimo. ","")&IF(AND(B9<>"",COUNTIF(Listas!$D$2:$D$7,B9)=0,H9=""),"Revisar: concepto adicional sin descripción. ",""))))
A10: Miami - MIA | B10: Security | C10: USD | D10: 0.15 | E10: Por kg | F10: 35 | G10: NO | I10: =IF(G10="SI","A pedido",IF(D10="","",IF((IF(A10="","Falta aeropuerto. ","")&IF(C10="","Falta moneda. ","")&IF(E10="","Falta unidad. ","")&IF(AND(E10="Por kg",F10=""),"Falta mínimo. ","")&IF(AND(B10<>"",COUNTIF(Listas!$D$2:$D$7,B10)=0,H10=""),"Revisar: concepto adicional sin descripción. ",""))="","Completa",IF(A10="","Falta aeropuerto. ","")&IF(C10="","Falta moneda. ","")&IF(E10="","Falta unidad. ","")&IF(AND(E10="Por kg",F10=""),"Falta mínimo. ","")&IF(AND(B10<>"",COUNTIF(Listas!$D$2:$D$7,B10)=0,H10=""),"Revisar: concepto adicional sin descripción. ",""))))
A11: Shanghai - PVG | B11: Pick up | G11: SI | H11: Según dirección de retiro | I11: =IF(G11="SI","A pedido",IF(D11="","",IF((IF(A11="","Falta aeropuerto. ","")&IF(C11="","Falta moneda. ","")&IF(E11="","Falta unidad. ","")&IF(AND(E11="Por kg",F11=""),"Falta mínimo. ","")&IF(AND(B11<>"",COUNTIF(Listas!$D$2:$D$7,B11)=0,H11=""),"Revisar: concepto adicional sin descripción. ",""))="","Completa",IF(A11="","Falta aeropuerto. ","")&IF(C11="","Falta moneda. ","")&IF(E11="","Falta unidad. ","")&IF(AND(E11="Por kg",F11=""),"Falta mínimo. ","")&IF(AND(B11<>"",COUNTIF(Listas!$D$2:$D$7,B11)=0,H11=""),"Revisar: concepto adicional sin descripción. ",""))))
A12: Shanghai - PVG | B12: Export customs | C12: USD | D12: 55 | E12: Fijo por embarque | G12: NO | I12: =IF(G12="SI","A pedido",IF(D12="","",IF((IF(A12="","Falta aeropuerto. ","")&IF(C12="","Falta moneda. ","")&IF(E12="","Falta unidad. ","")&IF(AND(E12="Por kg",F12=""),"Falta mínimo. ","")&IF(AND(B12<>"",COUNTIF(Listas!$D$2:$D$7,B12)=0,H12=""),"Revisar: concepto adicional sin descripción. ",""))="","Completa",IF(A12="","Falta aeropuerto. ","")&IF(C12="","Falta moneda. ","")&IF(E12="","Falta unidad. ","")&IF(AND(E12="Por kg",F12=""),"Falta mínimo. ","")&IF(AND(B12<>"",COUNTIF(Listas!$D$2:$D$7,B12)=0,H12=""),"Revisar: concepto adicional sin descripción. ",""))))
A13: Shanghai - PVG | B13: Handling | C13: USD | D13: 55 | E13: Fijo por embarque | G13: NO | I13: =IF(G13="SI","A pedido",IF(D13="","",IF((IF(A13="","Falta aeropuerto. ","")&IF(C13="","Falta moneda. ","")&IF(E13="","Falta unidad. ","")&IF(AND(E13="Por kg",F13=""),"Falta mínimo. ","")&IF(AND(B13<>"",COUNTIF(Listas!$D$2:$D$7,B13)=0,H13=""),"Revisar: concepto adicional sin descripción. ",""))="","Completa",IF(A13="","Falta aeropuerto. ","")&IF(C13="","Falta moneda. ","")&IF(E13="","Falta unidad. ","")&IF(AND(E13="Por kg",F13=""),"Falta mínimo. ","")&IF(AND(B13<>"",COUNTIF(Listas!$D$2:$D$7,B13)=0,H13=""),"Revisar: concepto adicional sin descripción. ",""))))
A14: Shanghai - PVG | B14: Documentation | C14: USD | D14: 65 | E14: Fijo por embarque | G14: NO | I14: =IF(G14="SI","A pedido",IF(D14="","",IF((IF(A14="","Falta aeropuerto. ","")&IF(C14="","Falta moneda. ","")&IF(E14="","Falta unidad. ","")&IF(AND(E14="Por kg",F14=""),"Falta mínimo. ","")&IF(AND(B14<>"",COUNTIF(Listas!$D$2:$D$7,B14)=0,H14=""),"Revisar: concepto adicional sin descripción. ",""))="","Completa",IF(A14="","Falta aeropuerto. ","")&IF(C14="","Falta moneda. ","")&IF(E14="","Falta unidad. ","")&IF(AND(E14="Por kg",F14=""),"Falta mínimo. ","")&IF(AND(B14<>"",COUNTIF(Listas!$D$2:$D$7,B14)=0,H14=""),"Revisar: concepto adicional sin descripción. ",""))))
A15: Shanghai - PVG | B15: Warehouse | C15: USD | D15: 55 | E15: Fijo por embarque | G15: NO | I15: =IF(G15="SI","A pedido",IF(D15="","",IF((IF(A15="","Falta aeropuerto. ","")&IF(C15="","Falta moneda. ","")&IF(E15="","Falta unidad. ","")&IF(AND(E15="Por kg",F15=""),"Falta mínimo. ","")&IF(AND(B15<>"",COUNTIF(Listas!$D$2:$D$7,B15)=0,H15=""),"Revisar: concepto adicional sin descripción. ",""))="","Completa",IF(A15="","Falta aeropuerto. ","")&IF(C15="","Falta moneda. ","")&IF(E15="","Falta unidad. ","")&IF(AND(E15="Por kg",F15=""),"Falta mínimo. ","")&IF(AND(B15<>"",COUNTIF(Listas!$D$2:$D$7,B15)=0,H15=""),"Revisar: concepto adicional sin descripción. ",""))))
A16: Shanghai - PVG | B16: Security | C16: USD | D16: 35 | E16: Fijo por embarque | G16: NO | I16: =IF(G16="SI","A pedido",IF(D16="","",IF((IF(A16="","Falta aeropuerto. ","")&IF(C16="","Falta moneda. ","")&IF(E16="","Falta unidad. ","")&IF(AND(E16="Por kg",F16=""),"Falta mínimo. ","")&IF(AND(B16<>"",COUNTIF(Listas!$D$2:$D$7,B16)=0,H16=""),"Revisar: concepto adicional sin descripción. ",""))="","Completa",IF(A16="","Falta aeropuerto. ","")&IF(C16="","Falta moneda. ","")&IF(E16="","Falta unidad. ","")&IF(AND(E16="Por kg",F16=""),"Falta mínimo. ","")&IF(AND(B16<>"",COUNTIF(Listas!$D$2:$D$7,B16)=0,H16=""),"Revisar: concepto adicional sin descripción. ",""))))
I17: =IF(G17="SI","A pedido",IF(D17="","",IF((IF(A17="","Falta aeropuerto. ","")&IF(C17="","Falta moneda. ","")&IF(E17="","Falta unidad. ","")&IF(AND(E17="Por kg",F17=""),"Falta mínimo. ","")&IF(AND(B17<>"",COUNTIF(Listas!$D$2:$D$7,B17)=0,H17=""),"Revisar: concepto adicional sin descripción. ",""))="","Completa",IF(A17="","Falta aeropuerto. ","")&IF(C17="","Falta moneda. ","")&IF(E17="","Falta unidad. ","")&IF(AND(E17="Por kg",F17=""),"Falta mínimo. ","")&IF(AND(B17<>"",COUNTIF(Listas!$D$2:$D$7,B17)=0,H17=""),"Revisar: concepto adicional sin descripción. ",""))))
I18: =IF(G18="SI","A pedido",IF(D18="","",IF((IF(A18="","Falta aeropuerto. ","")&IF(C18="","Falta moneda. ","")&IF(E18="","Falta unidad. ","")&IF(AND(E18="Por kg",F18=""),"Falta mínimo. ","")&IF(AND(B18<>"",COUNTIF(Listas!$D$2:$D$7,B18)=0,H18=""),"Revisar: concepto adicional sin descripción. ",""))="","Completa",IF(A18="","Falta aeropuerto. ","")&IF(C18="","Falta moneda. ","")&IF(E18="","Falta unidad. ","")&IF(AND(E18="Por kg",F18=""),"Falta mínimo. ","")&IF(AND(B18<>"",COUNTIF(Listas!$D$2:$D$7,B18)=0,H18=""),"Revisar: concepto adicional sin descripción. ",""))))
I19: =IF(G19="SI","A pedido",IF(D19="","",IF((IF(A19="","Falta aeropuerto. ","")&IF(C19="","Falta moneda. ","")&IF(E19="","Falta unidad. ","")&IF(AND(E19="Por kg",F19=""),"Falta mínimo. ","")&IF(AND(B19<>"",COUNTIF(Listas!$D$2:$D$7,B19)=0,H19=""),"Revisar: concepto adicional sin descripción. ",""))="","Completa",IF(A19="","Falta aeropuerto. ","")&IF(C19="","Falta moneda. ","")&IF(E19="","Falta unidad. ","")&IF(AND(E19="Por kg",F19=""),"Falta mínimo. ","")&IF(AND(B19<>"",COUNTIF(Listas!$D$2:$D$7,B19)=0,H19=""),"Revisar: concepto adicional sin descripción. ",""))))
I20: =IF(G20="SI","A pedido",IF(D20="","",IF((IF(A20="","Falta aeropuerto. ","")&IF(C20="","Falta moneda. ","")&IF(E20="","Falta unidad. ","")&IF(AND(E20="Por kg",F20=""),"Falta mínimo. ","")&IF(AND(B20<>"",COUNTIF(Listas!$D$2:$D$7,B20)=0,H20=""),"Revisar: concepto adicional sin descripción. ",""))="","Completa",IF(A20="","Falta aeropuerto. ","")&IF(C20="","Falta moneda. ","")&IF(E20="","Falta unidad. ","")&IF(AND(E20="Por kg",F20=""),"Falta mínimo. ","")&IF(AND(B20<>"",COUNTIF(Listas!$D$2:$D$7,B20)=0,H20=""),"Revisar: concepto adicional sin descripción. ",""))))
I21: =IF(G21="SI","A pedido",IF(D21="","",IF((IF(A21="","Falta aeropuerto. ","")&IF(C21="","Falta moneda. ","")&IF(E21="","Falta unidad. ","")&IF(AND(E21="Por kg",F21=""),"Falta mínimo. ","")&IF(AND(B21<>"",COUNTIF(Listas!$D$2:$D$7,B21)=0,H21=""),"Revisar: concepto adicional sin descripción. ",""))="","Completa",IF(A21="","Falta aeropuerto. ","")&IF(C21="","Falta moneda. ","")&IF(E21="","Falta unidad. ","")&IF(AND(E21="Por kg",F21=""),"Falta mínimo. ","")&IF(AND(B21<>"",COUNTIF(Listas!$D$2:$D$7,B21)=0,H21=""),"Revisar: concepto adicional sin descripción. ",""))))
I22: =IF(G22="SI","A pedido",IF(D22="","",IF((IF(A22="","Falta aeropuerto. ","")&IF(C22="","Falta moneda. ","")&IF(E22="","Falta unidad. ","")&IF(AND(E22="Por kg",F22=""),"Falta mínimo. ","")&IF(AND(B22<>"",COUNTIF(Listas!$D$2:$D$7,B22)=0,H22=""),"Revisar: concepto adicional sin descripción. ",""))="","Completa",IF(A22="","Falta aeropuerto. ","")&IF(C22="","Falta moneda. ","")&IF(E22="","Falta unidad. ","")&IF(AND(E22="Por kg",F22=""),"Falta mínimo. ","")&IF(AND(B22<>"",COUNTIF(Listas!$D$2:$D$7,B22)=0,H22=""),"Revisar: concepto adicional sin descripción. ",""))))
I23: =IF(G23="SI","A pedido",IF(D23="","",IF((IF(A23="","Falta aeropuerto. ","")&IF(C23="","Falta moneda. ","")&IF(E23="","Falta unidad. ","")&IF(AND(E23="Por kg",F23=""),"Falta mínimo. ","")&IF(AND(B23<>"",COUNTIF(Listas!$D$2:$D$7,B23)=0,H23=""),"Revisar: concepto adicional sin descripción. ",""))="","Completa",IF(A23="","Falta aeropuerto. ","")&IF(C23="","Falta moneda. ","")&IF(E23="","Falta unidad. ","")&IF(AND(E23="Por kg",F23=""),"Falta mínimo. ","")&IF(AND(B23<>"",COUNTIF(Listas!$D$2:$D$7,B23)=0,H23=""),"Revisar: concepto adicional sin descripción. ",""))))
I24: =IF(G24="SI","A pedido",IF(D24="","",IF((IF(A24="","Falta aeropuerto. ","")&IF(C24="","Falta moneda. ","")&IF(E24="","Falta unidad. ","")&IF(AND(E24="Por kg",F24=""),"Falta mínimo. ","")&IF(AND(B24<>"",COUNTIF(Listas!$D$2:$D$7,B24)=0,H24=""),"Revisar: concepto adicional sin descripción. ",""))="","Completa",IF(A24="","Falta aeropuerto. ","")&IF(C24="","Falta moneda. ","")&IF(E24="","Falta unidad. ","")&IF(AND(E24="Por kg",F24=""),"Falta mínimo. ","")&IF(AND(B24<>"",COUNTIF(Listas!$D$2:$D$7,B24)=0,H24=""),"Revisar: concepto adicional sin descripción. ",""))))
I25: =IF(G25="SI","A pedido",IF(D25="","",IF((IF(A25="","Falta aeropuerto. ","")&IF(C25="","Falta moneda. ","")&IF(E25="","Falta unidad. ","")&IF(AND(E25="Por kg",F25=""),"Falta mínimo. ","")&IF(AND(B25<>"",COUNTIF(Listas!$D$2:$D$7,B25)=0,H25=""),"Revisar: concepto adicional sin descripción. ",""))="","Completa",IF(A25="","Falta aeropuerto. ","")&IF(C25="","Falta moneda. ","")&IF(E25="","Falta unidad. ","")&IF(AND(E25="Por kg",F25=""),"Falta mínimo. ","")&IF(AND(B25<>"",COUNTIF(Listas!$D$2:$D$7,B25)=0,H25=""),"Revisar: concepto adicional sin descripción. ",""))))
I26: =IF(G26="SI","A pedido",IF(D26="","",IF((IF(A26="","Falta aeropuerto. ","")&IF(C26="","Falta moneda. ","")&IF(E26="","Falta unidad. ","")&IF(AND(E26="Por kg",F26=""),"Falta mínimo. ","")&IF(AND(B26<>"",COUNTIF(Listas!$D$2:$D$7,B26)=0,H26=""),"Revisar: concepto adicional sin descripción. ",""))="","Completa",IF(A26="","Falta aeropuerto. ","")&IF(C26="","Falta moneda. ","")&IF(E26="","Falta unidad. ","")&IF(AND(E26="Por kg",F26=""),"Falta mínimo. ","")&IF(AND(B26<>"",COUNTIF(Listas!$D$2:$D$7,B26)=0,H26=""),"Revisar: concepto adicional sin descripción. ",""))))
I27: =IF(G27="SI","A pedido",IF(D27="","",IF((IF(A27="","Falta aeropuerto. ","")&IF(C27="","Falta moneda. ","")&IF(E27="","Falta unidad. ","")&IF(AND(E27="Por kg",F27=""),"Falta mínimo. ","")&IF(AND(B27<>"",COUNTIF(Listas!$D$2:$D$7,B27)=0,H27=""),"Revisar: concepto adicional sin descripción. ",""))="","Completa",IF(A27="","Falta aeropuerto. ","")&IF(C27="","Falta moneda. ","")&IF(E27="","Falta unidad. ","")&IF(AND(E27="Por kg",F27=""),"Falta mínimo. ","")&IF(AND(B27<>"",COUNTIF(Listas!$D$2:$D$7,B27)=0,H27=""),"Revisar: concepto adicional sin descripción. ",""))))
I28: =IF(G28="SI","A pedido",IF(D28="","",IF((IF(A28="","Falta aeropuerto. ","")&IF(C28="","Falta moneda. ","")&IF(E28="","Falta unidad. ","")&IF(AND(E28="Por kg",F28=""),"Falta mínimo. ","")&IF(AND(B28<>"",COUNTIF(Listas!$D$2:$D$7,B28)=0,H28=""),"Revisar: concepto adicional sin descripción. ",""))="","Completa",IF(A28="","Falta aeropuerto. ","")&IF(C28="","Falta moneda. ","")&IF(E28="","Falta unidad. ","")&IF(AND(E28="Por kg",F28=""),"Falta mínimo. ","")&IF(AND(B28<>"",COUNTIF(Listas!$D$2:$D$7,B28)=0,H28=""),"Revisar: concepto adicional sin descripción. ",""))))

Sheet Listas
A1: Aeropuertos origen | B1: Aeropuerto destino | C1: Monedas | D1: Conceptos | E1: Unidad | F1: SI / NO
A2: Miami - MIA | B2: Buenos Aires - EZE | C2: USD | D2: Pick up | E2: Fijo por embarque | F2: SI
A3: Hong Kong - HKG | C3: EUR | D3: Export customs | E3: Por kg | F3: NO
A4: Shanghai - PVG | C4: CNY | D4: Handling
A5: Shenzhen - SZX | D5: Documentation
A6: Ningbo - NGB | D6: Warehouse
A7: Guangzhou - CAN | D7: Security
